name,taxonomy_id,taxonomy_lvl,LSDN_88_num,LSDN_88_frac,LSDN_89_num,LSDN_89_frac,LSDN_90_num,LSDN_90_frac,SPV_91_num,SPV_91_frac,SPV_92_num,SPV_92_frac,SPV_93_num,SPV_93_frac,SPV_94_num,SPV_94_frac,SPV_95_num,SPV_95_frac,SPV_96_num,SPV_96_frac,SPV_97_num,SPV_97_frac,SPV_98_num,SPV_98_frac,SPV_99_num,SPV_99_frac,SPV_100_num,SPV_100_frac
Lumpy skin disease virus,59509,S,23633,"0,92374",53569,"0,05654",1716,"0,13542",0,0,0,0,689,"0,00093",0,0,249,"0,00046",0,0,0,0,0,0,0,0,453,"0,00112"
Babesia bigemina,5866,S,898,"0,0351",15169,"0,01601",2087,"0,16469",5738,"0,26578",1074,"0,01577",116,"0,00016",1580,"0,02088",892,"0,00166",6188,"0,08912",109,"0,00902",92,"0,00003",1021,"0,03093",730,"0,00181"
Streptococcus dysgalactiae,1334,S,361,"0,01411",452120,"0,47717",337,"0,02659",2469,"0,11436",217,"0,00319",340,"0,00046",403,"0,00533",634,"0,00118",661,"0,00952",338,"0,02798",688,"0,00026",502,"0,01521",384,"0,00095"
Sheeppox virus,10266,S,299,"0,01169",546,"0,00058",0,0,0,0,15542,"0,22828",270483,"0,36359",41219,"0,54483",43157,"0,08038",3728,"0,05369",2447,"0,20255",953,"0,00036",6670,"0,20203",104251,"0,25799"
Bacteroides heparinolyticus,28113,S,152,"0,00594",129837,"0,13703",161,"0,01271",451,"0,02089",245,"0,0036",0,0,139,"0,00184",18268,"0,03403",0,0,128,"0,0106",3916,"0,00148",2051,"0,06212",0,0
Fusobacterium necrophorum,859,S,148,"0,00578",89896,"0,09488",111,"0,00876",3922,"0,18167",1927,"0,0283",76,"0,0001",1260,"0,01665",144691,"0,26949",1979,"0,0285",191,"0,01581",409,"0,00015",8383,"0,25391",154,"0,00038"
Trueperella pyogenes,1661,S,93,"0,00364",87743,"0,0926",0,0,916,"0,04243",307,"0,00451",253,"0,00034",0,0,863,"0,00161",80,"0,00115",0,0,534,"0,0002",2043,"0,06188",0,0
Streptococcus anginosus,1328,S,0,0,20465,"0,0216",0,0,0,0,0,0,0,0,0,0,917,"0,00171",0,0,0,0,599,"0,00023",0,0,0,0
Phocaeicola dorei,357276,S,0,0,11498,"0,01214",0,0,0,0,0,0,0,0,0,0,0,0,0,0,0,0,0,0,0,0,0,0
Berryella intestinalis,1531429,S,0,0,7798,"0,00823",0,0,0,0,0,0,0,0,0,0,231,"0,00043",0,0,0,0,424,"0,00016",0,0,0,0
Bacteroides fragilis,817,S,0,0,5323,"0,00562",0,0,0,0,0,0,0,0,0,0,0,0,0,0,0,0,0,0,0,0,0,0
Tannerella forsythia,28112,S,0,0,4131,"0,00436",0,0,0,0,0,0,0,0,0,0,155,"0,00029",0,0,0,0,0,0,0,0,0,0
Porphyromonas somerae,322095,S,0,0,4084,"0,00431",0,0,421,"0,0195",0,0,0,0,0,0,0,0,0,0,0,0,0,0,0,0,0,0
Porphyromonas cangingivalis,36874,S,0,0,3778,"0,00399",0,0,0,0,0,0,0,0,0,0,0,0,0,0,0,0,0,0,0,0,0,0
Enterococcus faecalis,1351,S,0,0,3776,"0,00399",0,0,0,0,0,0,18516,"0,02489",0,0,0,0,0,0,0,0,2783,"0,00105",0,0,0,0
Bacteroides xylanisolvens,371601,S,0,0,3550,"0,00375",0,0,0,0,0,0,0,0,0,0,0,0,0,0,0,0,0,0,0,0,0,0
Helcococcus kunzii,40091,S,0,0,3437,"0,00363",0,0,182,"0,00843",0,0,0,0,0,0,115,"0,00021",0,0,0,0,0,0,0,0,0,0
Bacteroides zoogleoformans,28119,S,0,0,3415,"0,0036",0,0,0,0,0,0,0,0,0,0,503,"0,00094",0,0,0,0,0,0,0,0,0,0
Streptococcus agalactiae,1311,S,0,0,3283,"0,00346",0,0,0,0,0,0,0,0,0,0,0,0,0,0,0,0,15718,"0,00594",0,0,0,0
Moraxella bovis,476,S,0,0,3120,"0,00329",0,0,0,0,0,0,0,0,0,0,2598,"0,00484",8634,"0,12434",0,0,0,0,195,"0,00591",0,0
Staphylococcus agnetis,985762,S,0,0,2775,"0,00293",0,0,0,0,0,0,0,0,0,0,0,0,0,0,0,0,0,0,0,0,0,0
Porphyromonas gingivalis,837,S,0,0,2427,"0,00256",0,0,0,0,0,0,0,0,0,0,2537,"0,00473",0,0,0,0,0,0,0,0,0,0
Streptococcus pyogenes,1314,S,0,0,2317,"0,00245",0,0,0,0,0,0,0,0,0,0,105,"0,0002",0,0,0,0,0,0,0,0,0,0
Ezakiella coagulans,46507,S,0,0,1988,"0,0021",0,0,0,0,0,0,0,0,0,0,92,"0,00017",0,0,0,0,0,0,0,0,0,0
Mammaliicoccus sciuri,1296,S,0,0,1825,"0,00193",0,0,0,0,184,"0,0027",3934,"0,00529",0,0,183,"0,00034",0,0,0,0,3484,"0,00132",0,0,4711,"0,01166"
Proteus vulgaris,585,S,0,0,1801,"0,0019",0,0,0,0,0,0,0,0,0,0,0,0,0,0,0,0,0,0,0,0,0,0
Streptococcus pluranimalium,82348,S,0,0,1537,"0,00162",0,0,0,0,0,0,0,0,827,"0,01093",1279,"0,00238",4120,"0,05933",0,0,16890,"0,00638",61,"0,00185",0,0
Filifactor alocis,143361,S,0,0,1486,"0,00157",0,0,0,0,0,0,0,0,0,0,0,0,0,0,0,0,0,0,0,0,0,0
Streptococcus porcinus,1340,S,0,0,1384,"0,00146",0,0,0,0,0,0,0,0,0,0,0,0,0,0,0,0,130,"0,00005",0,0,0,0
Parabacteroides merdae,46503,S,0,0,1354,"0,00143",0,0,0,0,0,0,0,0,0,0,723,"0,00135",0,0,0,0,0,0,0,0,0,0
Ornithobacterium rhinotracheale,28251,S,0,0,1299,"0,00137",0,0,0,0,0,0,0,0,0,0,661,"0,00123",0,0,0,0,0,0,0,0,0,0
Klebsiella oxytoca,571,S,0,0,1257,"0,00133",0,0,0,0,0,0,0,0,0,0,0,0,0,0,0,0,0,0,0,0,0,0
Streptococcus equi,1336,S,0,0,1218,"0,00129",0,0,0,0,0,0,0,0,0,0,523,"0,00097",125,"0,0018",0,0,291,"0,00011",0,0,0,0
Bacteroides ovatus,28116,S,0,0,1176,"0,00124",0,0,0,0,0,0,0,0,0,0,0,0,0,0,0,0,0,0,0,0,0,0
Streptococcus sp. DAT741,1940319,S,0,0,1072,"0,00113",0,0,0,0,0,0,0,0,0,0,0,0,0,0,0,0,0,0,0,0,0,0
Streptococcus suis,1307,S,0,0,1048,"0,00111",0,0,0,0,0,0,0,0,0,0,249,"0,00046",141,"0,00203",0,0,454,"0,00017",0,0,0,0
Capnocytophaga canimorsus,28188,S,0,0,959,"0,00101",0,0,0,0,0,0,0,0,0,0,0,0,0,0,0,0,0,0,0,0,0,0
Granulicatella elegans,137732,S,0,0,941,"0,00099",0,0,0,0,0,0,0,0,0,0,0,0,0,0,0,0,0,0,0,0,0,0
Alistipes onderdonkii,328813,S,0,0,854,"0,0009",0,0,0,0,0,0,0,0,0,0,0,0,0,0,0,0,0,0,0,0,0,0
Anaerococcus vaginalis,33037,S,0,0,733,"0,00077",0,0,0,0,0,0,0,0,0,0,0,0,0,0,0,0,0,0,0,0,0,0
Goatpox virus,186805,S,0,0,724,"0,00076",0,0,0,0,0,0,0,0,0,0,0,0,0,0,0,0,0,0,0,0,0,0
Trueperella pecoris,2733571,S,0,0,687,"0,00073",0,0,1144,"0,05299",0,0,0,0,0,0,0,0,0,0,0,0,256,"0,0001",0,0,0,0
Staphylococcus aureus,1280,S,0,0,676,"0,00071",0,0,0,0,4827,"0,0709",11087,"0,0149",0,0,208505,"0,38835",2293,"0,03302",0,0,5363,"0,00203",569,"0,01723",4751,"0,01176"
Alkaliflexus sp. Ai-910,2949635,S,0,0,660,"0,0007",0,0,0,0,0,0,0,0,0,0,0,0,0,0,0,0,0,0,0,0,0,0
Bulleidia sp. zg-1006,2806552,S,0,0,651,"0,00069",0,0,0,0,0,0,0,0,0,0,0,0,0,0,0,0,0,0,0,0,0,0
Streptococcus constellatus,76860,S,0,0,618,"0,00065",0,0,0,0,0,0,0,0,0,0,460,"0,00086",0,0,0,0,0,0,0,0,0,0
Ureaplasma diversum,42094,S,0,0,485,"0,00051",0,0,0,0,0,0,0,0,0,0,0,0,0,0,0,0,0,0,0,0,0,0
Streptococcus australis,113107,S,0,0,435,"0,00046",0,0,0,0,0,0,0,0,0,0,0,0,0,0,0,0,0,0,0,0,0,0
Prevotella intermedia,28131,S,0,0,394,"0,00042",0,0,0,0,0,0,0,0,0,0,1148,"0,00214",0,0,0,0,0,0,0,0,0,0
Enterococcus avium,33945,S,0,0,391,"0,00041",0,0,0,0,0,0,0,0,0,0,0,0,0,0,0,0,0,0,0,0,0,0
Prevotella bryantii,77095,S,0,0,387,"0,00041",0,0,0,0,0,0,0,0,0,0,0,0,0,0,0,0,0,0,0,0,0,0
Mogibacterium pumilum,86332,S,0,0,386,"0,00041",0,0,0,0,0,0,0,0,0,0,173,"0,00032",0,0,0,0,0,0,0,0,0,0
Anaerococcus mediterraneensis,1870984,S,0,0,375,"0,0004",0,0,0,0,0,0,0,0,0,0,0,0,0,0,0,0,0,0,0,0,0,0
Bordetella trematum,123899,S,0,0,353,"0,00037",0,0,0,0,0,0,0,0,0,0,0,0,0,0,0,0,0,0,0,0,0,0
Streptococcus canis,1329,S,0,0,325,"0,00034",0,0,0,0,0,0,0,0,0,0,0,0,0,0,0,0,0,0,0,0,0,0
Porphyromonas crevioricanis,393921,S,0,0,316,"0,00033",0,0,0,0,0,0,0,0,0,0,1304,"0,00243",0,0,0,0,0,0,0,0,0,0
Anoxybacillus flavithermus,33934,S,0,0,305,"0,00032",0,0,0,0,0,0,0,0,0,0,0,0,0,0,0,0,0,0,0,0,0,0
Prevotella enoeca,76123,S,0,0,254,"0,00027",0,0,0,0,0,0,0,0,0,0,0,0,0,0,0,0,0,0,0,0,0,0
Myroides profundi,480520,S,0,0,252,"0,00027",0,0,0,0,0,0,0,0,0,0,0,0,0,0,0,0,0,0,0,0,0,0
Vagococcus fluvialis,2738,S,0,0,243,"0,00026",0,0,0,0,0,0,0,0,0,0,0,0,0,0,0,0,0,0,0,0,0,0
Vagococcus lutrae,81947,S,0,0,221,"0,00023",0,0,0,0,0,0,0,0,0,0,0,0,87,"0,00125",0,0,0,0,0,0,339,"0,00084"
Moraxella bovoculi,386891,S,0,0,221,"0,00023",0,0,0,0,0,0,6185,"0,00831",0,0,4362,"0,00812",4637,"0,06678",0,0,0,0,0,0,0,0
Staphylococcus chromogenes,46126,S,0,0,211,"0,00022",0,0,0,0,201,"0,00295",7396,"0,00994",0,0,685,"0,00128",0,0,0,0,0,0,110,"0,00333",0,0
Morganella morganii,582,S,0,0,193,"0,0002",0,0,0,0,0,0,0,0,0,0,0,0,0,0,0,0,0,0,0,0,0,0
Bacteroides helcogenes,290053,S,0,0,177,"0,00019",0,0,0,0,0,0,0,0,0,0,0,0,0,0,0,0,0,0,0,0,0,0
Butyricimonas virosa,544645,S,0,0,157,"0,00017",0,0,0,0,0,0,0,0,0,0,0,0,0,0,0,0,0,0,0,0,0,0
Alistipes shahii,328814,S,0,0,150,"0,00016",0,0,0,0,0,0,0,0,0,0,324,"0,0006",0,0,0,0,0,0,0,0,0,0
Clostridioides difficile,1496,S,0,0,140,"0,00015",0,0,0,0,0,0,0,0,0,0,0,0,0,0,0,0,0,0,0,0,0,0
Ndongobacter massiliensis,1871025,S,0,0,136,"0,00014",0,0,0,0,0,0,0,0,0,0,0,0,0,0,0,0,0,0,0,0,0,0
Streptobacillus moniliformis,34105,S,0,0,125,"0,00013",0,0,0,0,0,0,0,0,0,0,0,0,0,0,0,0,0,0,0,0,0,0
Wielerella bovis,2917790,S,0,0,121,"0,00013",0,0,0,0,0,0,0,0,0,0,189,"0,00035",0,0,0,0,0,0,0,0,0,0
Finegoldia magna,1260,S,0,0,118,"0,00012",0,0,0,0,0,0,0,0,0,0,0,0,0,0,0,0,1917,"0,00072",210,"0,00636",391,"0,00097"
Staphylococcus xylosus,1288,S,0,0,105,"0,00011",0,0,0,0,0,0,4862,"0,00654",0,0,0,0,0,0,2122,"0,17565",0,0,0,0,2674,"0,00662"
Mesomycoplasma dispar,86660,S,0,0,98,"0,0001",0,0,0,0,0,0,0,0,0,0,0,0,0,0,0,0,0,0,0,0,0,0
Desulfovibrio sp. G11,631220,S,0,0,84,"0,00009",0,0,0,0,0,0,0,0,0,0,0,0,0,0,0,0,0,0,0,0,0,0
Treponema phagedenis,162,S,0,0,75,"0,00008",0,0,0,0,0,0,0,0,0,0,0,0,0,0,0,0,0,0,0,0,0,0
Vagococcus carniphilus,218144,S,0,0,70,"0,00007",0,0,0,0,0,0,0,0,0,0,0,0,0,0,0,0,0,0,0,0,0,0
Treponema pedis,409322,S,0,0,68,"0,00007",0,0,0,0,0,0,0,0,0,0,0,0,0,0,0,0,0,0,3397,"0,10289",0,0
Leptotrichia trevisanii,109328,S,0,0,64,"0,00007",0,0,0,0,0,0,0,0,0,0,0,0,0,0,0,0,0,0,0,0,0,0
Dysosmobacter sp. Marseille-Q4140,2830675,S,0,0,60,"0,00006",0,0,0,0,0,0,0,0,0,0,0,0,0,0,0,0,0,0,0,0,0,0
Staphylococcus warneri,1292,S,0,0,0,0,5463,"0,43111",0,0,0,0,0,0,0,0,0,0,0,0,0,0,904,"0,00034",0,0,0,0
Staphylococcus epidermidis,1282,S,0,0,0,0,1939,"0,15301",0,0,0,0,0,0,0,0,0,0,0,0,0,0,2560,"0,00097",88,"0,00267",512,"0,00127"
Corynebacterium xerosis,1725,S,0,0,0,0,595,"0,04695",419,"0,01941",0,0,651,"0,00088",258,"0,00341",482,"0,0009",0,0,0,0,17384,"0,00657",0,0,26054,"0,06447"
Cutibacterium acnes,1747,S,0,0,0,0,165,"0,01302",0,0,65,"0,00095",5196,"0,00698",84,"0,00111",148,"0,00028",0,0,2029,"0,16795",97171,"0,0367",4354,"0,13188",8116,"0,02008"
Staphylococcus pasteuri,45972,S,0,0,0,0,98,"0,00773",0,0,0,0,0,0,0,0,0,0,0,0,0,0,0,0,0,0,505,"0,00125"
Mannheimia varigena,85404,S,0,0,0,0,0,0,3212,"0,14878",0,0,0,0,0,0,69,"0,00013",119,"0,00171",0,0,0,0,0,0,0,0
Corynebacterium hindlerae,699041,S,0,0,0,0,0,0,1268,"0,05873",1468,"0,02156",0,0,0,0,0,0,0,0,0,0,0,0,0,0,78,"0,00019"
Staphylococcus hyicus,1284,S,0,0,0,0,0,0,554,"0,02566",0,0,0,0,0,0,0,0,0,0,0,0,0,0,74,"0,00224",0,0
Acinetobacter indicus,756892,S,0,0,0,0,0,0,520,"0,02409",0,0,157,"0,00021",0,0,0,0,0,0,0,0,544,"0,00021",0,0,6803,"0,01684"
Mannheimia sp. USDA-ARS-USMARC-1261,1432056,S,0,0,0,0,0,0,373,"0,01728",0,0,0,0,0,0,163,"0,0003",114,"0,00164",0,0,0,0,0,0,0,0
Pseudomonas aeruginosa,287,S,0,0,0,0,0,0,0,0,27756,"0,40767",31414,"0,04223",0,0,0,0,0,0,0,0,191430,"0,0723",0,0,0,0
Escherichia coli,562,S,0,0,0,0,0,0,0,0,13289,"0,19519",200882,"0,27003",0,0,0,0,0,0,0,0,9848,"0,00372",0,0,2703,"0,00669"
Mannheimia haemolytica,75985,S,0,0,0,0,0,0,0,0,371,"0,00545",83,"0,00011",28070,"0,37103",33051,"0,06156",15214,"0,2191",0,0,9988,"0,00377",595,"0,01802",529,"0,00131"
Aspergillus chevalieri,182096,S,0,0,0,0,0,0,0,0,362,"0,00532",0,0,0,0,0,0,0,0,0,0,371,"0,00014",0,0,0,0
Nocardiopsis alba,53437,S,0,0,0,0,0,0,0,0,115,"0,00169",0,0,0,0,0,0,0,0,0,0,0,0,0,0,167,"0,00041"
Mycoplasmopsis arginini,2094,S,0,0,0,0,0,0,0,0,72,"0,00106",0,0,0,0,194,"0,00036",0,0,0,0,0,0,0,0,0,0
Lolium rigidum,89674,S,0,0,0,0,0,0,0,0,62,"0,00091",59,"0,00008",0,0,0,0,0,0,0,0,176,"0,00007",0,0,562,"0,00139"
Proteus mirabilis,584,S,0,0,0,0,0,0,0,0,0,0,35097,"0,04718",0,0,0,0,0,0,0,0,0,0,0,0,0,0
Moraxella ovis,29433,S,0,0,0,0,0,0,0,0,0,0,31333,"0,04212",0,0,17584,"0,03275",5758,"0,08292",0,0,0,0,0,0,0,0
Mammaliicoccus vitulinus,71237,S,0,0,0,0,0,0,0,0,0,0,21515,"0,02892",0,0,0,0,0,0,170,"0,01407",0,0,0,0,135,"0,00033"
Acinetobacter pseudolwoffii,2053287,S,0,0,0,0,0,0,0,0,0,0,12146,"0,01633",0,0,2388,"0,00445",0,0,0,0,0,0,0,0,1146,"0,00284"
Staphylococcus equorum,246432,S,0,0,0,0,0,0,0,0,0,0,11821,"0,01589",0,0,0,0,0,0,0,0,1516,"0,00057",0,0,699,"0,00173"
Acinetobacter sp. F9,2853158,S,0,0,0,0,0,0,0,0,0,0,9061,"0,01218",0,0,2169,"0,00404",0,0,0,0,222,"0,00008",0,0,387,"0,00096"
Acinetobacter lwoffii,28090,S,0,0,0,0,0,0,0,0,0,0,8673,"0,01166",0,0,412,"0,00077",0,0,0,0,1874,"0,00071",0,0,411,"0,00102"
Staphylococcus succinus,61015,S,0,0,0,0,0,0,0,0,0,0,6829,"0,00918",0,0,0,0,0,0,135,"0,01117",0,0,0,0,375,"0,00093"
Jeotgalicoccus sp. WY2,2708346,S,0,0,0,0,0,0,0,0,0,0,6536,"0,00879",362,"0,00478",1846,"0,00344",0,0,0,0,0,0,0,0,6162,"0,01525"
Brevibacterium aurantiacum,273384,S,0,0,0,0,0,0,0,0,0,0,5720,"0,00769",0,0,0,0,0,0,0,0,266,"0,0001",0,0,280,"0,00069"
Corynebacterium casei,160386,S,0,0,0,0,0,0,0,0,0,0,3109,"0,00418",0,0,0,0,0,0,0,0,4086,"0,00154",0,0,44880,"0,11106"
Kocuria rosea,1275,S,0,0,0,0,0,0,0,0,0,0,2966,"0,00399",0,0,384,"0,00072",0,0,0,0,2797,"0,00106",0,0,353,"0,00087"
Corynebacterium maris,575200,S,0,0,0,0,0,0,0,0,0,0,1848,"0,00248",766,"0,01012",752,"0,0014",428,"0,00616",0,0,0,0,0,0,108,"0,00027"
Corynebacterium marinum,349751,S,0,0,0,0,0,0,0,0,0,0,1613,"0,00217",0,0,1951,"0,00363",0,0,0,0,3331,"0,00126",0,0,1397,"0,00346"
Psychrobacter cryohalolentis,330922,S,0,0,0,0,0,0,0,0,0,0,1221,"0,00164",0,0,0,0,0,0,0,0,18194,"0,00687",0,0,0,0
Corynebacterium glutamicum,1718,S,0,0,0,0,0,0,0,0,0,0,1199,"0,00161",0,0,0,0,0,0,0,0,22555,"0,00852",0,0,31103,"0,07697"
Ornithinimicrobium ciconiae,2594265,S,0,0,0,0,0,0,0,0,0,0,1150,"0,00155",0,0,447,"0,00083",0,0,0,0,0,0,0,0,0,0
Paracoccus sp. S8-55,2903900,S,0,0,0,0,0,0,0,0,0,0,1142,"0,00154",0,0,245,"0,00046",0,0,0,0,0,0,0,0,810,"0,002"
Janibacter limosus,53458,S,0,0,0,0,0,0,0,0,0,0,1106,"0,00149",0,0,0,0,0,0,0,0,0,0,0,0,0,0
Glutamicibacter protophormiae,37930,S,0,0,0,0,0,0,0,0,0,0,1001,"0,00135",0,0,0,0,0,0,0,0,220,"0,00008",0,0,0,0
Corynebacterium camporealensis,161896,S,0,0,0,0,0,0,0,0,0,0,948,"0,00127",0,0,0,0,0,0,0,0,56,"0,00002",0,0,4978,"0,01232"
Enterococcus casseliflavus,37734,S,0,0,0,0,0,0,0,0,0,0,745,"0,001",0,0,0,0,0,0,0,0,237,"0,00009",0,0,0,0
Jeotgalibaca porci,1868793,S,0,0,0,0,0,0,0,0,0,0,741,"0,001",0,0,213,"0,0004",0,0,0,0,322,"0,00012",0,0,1012,"0,0025"
Corynebacterium stationis,1705,S,0,0,0,0,0,0,0,0,0,0,741,"0,001",0,0,0,0,0,0,0,0,17550,"0,00663",0,0,19806,"0,04901"
Chryseobacterium sp. cx-624,2758037,S,0,0,0,0,0,0,0,0,0,0,741,"0,001",0,0,215,"0,0004",0,0,0,0,0,0,0,0,212,"0,00052"
Staphylococcus caprae,29380,S,0,0,0,0,0,0,0,0,0,0,731,"0,00098",0,0,0,0,0,0,0,0,0,0,0,0,0,0
Jeotgalicoccus saudimassiliensis,1461582,S,0,0,0,0,0,0,0,0,0,0,718,"0,00097",0,0,256,"0,00048",0,0,0,0,0,0,0,0,734,"0,00182"
Stutzerimonas stutzeri,316,S,0,0,0,0,0,0,0,0,0,0,700,"0,00094",0,0,0,0,0,0,0,0,644,"0,00024",0,0,0,0
Achromobacter xylosoxidans,85698,S,0,0,0,0,0,0,0,0,0,0,674,"0,00091",0,0,0,0,0,0,0,0,0,0,0,0,0,0
Dietzia kunjamensis,322509,S,0,0,0,0,0,0,0,0,0,0,633,"0,00085",0,0,0,0,0,0,0,0,1591,"0,0006",0,0,0,0
Staphylococcus pseudoxylosus,2282419,S,0,0,0,0,0,0,0,0,0,0,631,"0,00085",0,0,0,0,0,0,0,0,0,0,0,0,0,0
Micrococcus luteus,1270,S,0,0,0,0,0,0,0,0,0,0,629,"0,00085",0,0,0,0,0,0,410,"0,03394",13106,"0,00495",606,"0,01836",1170,"0,0029"
Nocardioides seonyuensis,2518371,S,0,0,0,0,0,0,0,0,0,0,589,"0,00079",0,0,0,0,0,0,0,0,0,0,0,0,0,0
Microbacterium foliorum,104336,S,0,0,0,0,0,0,0,0,0,0,574,"0,00077",0,0,0,0,0,0,0,0,0,0,0,0,0,0
Klebsiella aerogenes,548,S,0,0,0,0,0,0,0,0,0,0,494,"0,00066",0,0,0,0,0,0,0,0,0,0,0,0,0,0
Acinetobacter johnsonii,40214,S,0,0,0,0,0,0,0,0,0,0,426,"0,00057",0,0,0,0,0,0,0,0,511,"0,00019",0,0,0,0
Glutamicibacter arilaitensis,256701,S,0,0,0,0,0,0,0,0,0,0,397,"0,00053",0,0,0,0,0,0,0,0,122,"0,00005",0,0,255,"0,00063"
Staphylococcus auricularis,29379,S,0,0,0,0,0,0,0,0,0,0,391,"0,00053",0,0,0,0,0,0,0,0,0,0,0,0,5171,"0,0128"
Corynebacterium kroppenstedtii,161879,S,0,0,0,0,0,0,0,0,0,0,391,"0,00053",0,0,0,0,0,0,0,0,69,"0,00003",0,0,0,0
Cutibacterium avidum,33010,S,0,0,0,0,0,0,0,0,0,0,347,"0,00047",0,0,0,0,0,0,0,0,325,"0,00012",0,0,0,0
Tessaracoccus sp. MC1865,2760310,S,0,0,0,0,0,0,0,0,0,0,345,"0,00046",0,0,0,0,0,0,0,0,0,0,0,0,0,0
Altererythrobacter sp. TH136,2067415,S,0,0,0,0,0,0,0,0,0,0,308,"0,00041",0,0,0,0,0,0,0,0,0,0,0,0,0,0
Acinetobacter schindleri,108981,S,0,0,0,0,0,0,0,0,0,0,269,"0,00036",0,0,149,"0,00028",0,0,0,0,0,0,0,0,0,0
Ornithinimicrobium sp. JY.X270,2934161,S,0,0,0,0,0,0,0,0,0,0,237,"0,00032",0,0,0,0,0,0,0,0,0,0,0,0,0,0
Enterococcus faecium,1352,S,0,0,0,0,0,0,0,0,0,0,227,"0,00031",0,0,0,0,0,0,0,0,0,0,0,0,1223,"0,00303"
Epilithonimonas vandammei,2487072,S,0,0,0,0,0,0,0,0,0,0,222,"0,0003",0,0,0,0,0,0,0,0,514,"0,00019",0,0,0,0
Delftia acidovorans,80866,S,0,0,0,0,0,0,0,0,0,0,180,"0,00024",0,0,0,0,0,0,0,0,0,0,0,0,0,0
Corynebacterium efficiens,152794,S,0,0,0,0,0,0,0,0,0,0,163,"0,00022",0,0,0,0,0,0,0,0,403,"0,00015",0,0,5425,"0,01343"
Mammaliicoccus lentus,42858,S,0,0,0,0,0,0,0,0,0,0,160,"0,00022",0,0,0,0,0,0,0,0,2435,"0,00092",0,0,0,0
Halopseudomonas litoralis,797277,S,0,0,0,0,0,0,0,0,0,0,159,"0,00021",0,0,0,0,0,0,0,0,584,"0,00022",0,0,0,0
Carnobacterium viridans,174587,S,0,0,0,0,0,0,0,0,0,0,145,"0,00019",0,0,0,0,0,0,0,0,2635,"0,001",0,0,0,0
Moraxella nonliquefaciens,478,S,0,0,0,0,0,0,0,0,0,0,138,"0,00019",0,0,0,0,99,"0,00143",0,0,0,0,0,0,0,0
Paeniglutamicibacter sp. Y32M11,2853258,S,0,0,0,0,0,0,0,0,0,0,138,"0,00019",0,0,0,0,0,0,0,0,0,0,0,0,0,0
Rhodococcus fascians,1828,S,0,0,0,0,0,0,0,0,0,0,130,"0,00017",0,0,0,0,0,0,104,"0,00861",301,"0,00011",130,"0,00394",276,"0,00068"
Planococcus sp. 107-1,2908840,S,0,0,0,0,0,0,0,0,0,0,128,"0,00017",0,0,0,0,0,0,0,0,0,0,0,0,0,0
Jeotgalibaca arthritidis,1868794,S,0,0,0,0,0,0,0,0,0,0,122,"0,00016",0,0,0,0,0,0,0,0,0,0,0,0,3067,"0,00759"
Rothia nasimurium,85336,S,0,0,0,0,0,0,0,0,0,0,109,"0,00015",0,0,0,0,701,"0,0101",0,0,108211,"0,04087",0,0,0,0
Jeotgalicoccus sp. ATCC 8456,946435,S,0,0,0,0,0,0,0,0,0,0,104,"0,00014",0,0,0,0,0,0,0,0,0,0,0,0,1503,"0,00372"
Sanguibacter keddieii,60920,S,0,0,0,0,0,0,0,0,0,0,102,"0,00014",0,0,0,0,0,0,0,0,1705,"0,00064",0,0,0,0
Ornithinimicrobium flavum,1288636,S,0,0,0,0,0,0,0,0,0,0,94,"0,00013",0,0,0,0,0,0,0,0,0,0,0,0,181,"0,00045"
Planococcus glaciei,459472,S,0,0,0,0,0,0,0,0,0,0,92,"0,00012",0,0,0,0,0,0,0,0,0,0,0,0,0,0
Chryseobacterium faecale,2852098,S,0,0,0,0,0,0,0,0,0,0,89,"0,00012",0,0,0,0,0,0,0,0,0,0,0,0,102,"0,00025"
Moraxella sp. ZY201115,2904121,S,0,0,0,0,0,0,0,0,0,0,77,"0,0001",0,0,0,0,0,0,0,0,0,0,0,0,0,0
Corynebacterium occultum,2675219,S,0,0,0,0,0,0,0,0,0,0,76,"0,0001",0,0,960,"0,00179",0,0,0,0,0,0,0,0,100,"0,00025"
Moraxella osloensis,34062,S,0,0,0,0,0,0,0,0,0,0,74,"0,0001",0,0,0,0,0,0,0,0,4159,"0,00157",0,0,0,0
Ornithinimicrobium sp. HY1793,2934158,S,0,0,0,0,0,0,0,0,0,0,74,"0,0001",0,0,0,0,0,0,0,0,0,0,0,0,0,0
Cutibacterium granulosum,33011,S,0,0,0,0,0,0,0,0,0,0,74,"0,0001",0,0,0,0,0,0,0,0,1165,"0,00044",0,0,114,"0,00028"
Carnobacterium inhibens,147709,S,0,0,0,0,0,0,0,0,0,0,73,"0,0001",0,0,0,0,0,0,0,0,23859,"0,00901",0,0,0,0
Sphingobacterium sp. PCS056,2931400,S,0,0,0,0,0,0,0,0,0,0,57,"0,00008",0,0,0,0,0,0,0,0,0,0,0,0,0,0
Debaryomyces hansenii,4959,S,0,0,0,0,0,0,0,0,0,0,52,"0,00007",0,0,0,0,0,0,0,0,124,"0,00005",0,0,0,0
Mannheimia pernigra,111844,S,0,0,0,0,0,0,0,0,0,0,0,0,498,"0,00658",0,0,1150,"0,01656",0,0,0,0,0,0,0,0
Aerococcus urinaeequi,51665,S,0,0,0,0,0,0,0,0,0,0,0,0,98,"0,0013",0,0,0,0,0,0,2291,"0,00087",0,0,15512,"0,03839"
Medicago truncatula,3880,S,0,0,0,0,0,0,0,0,0,0,0,0,91,"0,0012",0,0,0,0,0,0,0,0,0,0,0,0
Bibersteinia trehalosi,47735,S,0,0,0,0,0,0,0,0,0,0,0,0,0,0,29286,"0,05455",0,0,0,0,11447,"0,00432",0,0,0,0
Streptococcus uberis,1349,S,0,0,0,0,0,0,0,0,0,0,0,0,0,0,1266,"0,00236",0,0,0,0,0,0,0,0,0,0
Campylobacter hyointestinalis,198,S,0,0,0,0,0,0,0,0,0,0,0,0,0,0,671,"0,00125",0,0,0,0,0,0,0,0,0,0
Campylobacter mucosalis,202,S,0,0,0,0,0,0,0,0,0,0,0,0,0,0,654,"0,00122",0,0,0,0,0,0,0,0,0,0
Pasteurella multocida,747,S,0,0,0,0,0,0,0,0,0,0,0,0,0,0,595,"0,00111",0,0,0,0,0,0,0,0,0,0
Luteimonas sp. MC1750,2799326,S,0,0,0,0,0,0,0,0,0,0,0,0,0,0,548,"0,00102",0,0,0,0,0,0,0,0,0,0
Mesomycoplasma ovipneumoniae,29562,S,0,0,0,0,0,0,0,0,0,0,0,0,0,0,480,"0,00089",0,0,0,0,0,0,0,0,0,0
Campylobacter rectus,203,S,0,0,0,0,0,0,0,0,0,0,0,0,0,0,382,"0,00071",0,0,0,0,0,0,0,0,0,0
Gardnerella leopoldii,2792978,S,0,0,0,0,0,0,0,0,0,0,0,0,0,0,351,"0,00065",0,0,0,0,0,0,0,0,0,0
Luteimonas sp. YGD11-2,2508168,S,0,0,0,0,0,0,0,0,0,0,0,0,0,0,345,"0,00064",0,0,0,0,0,0,0,0,0,0
Streptococcus pseudoporcinus,361101,S,0,0,0,0,0,0,0,0,0,0,0,0,0,0,319,"0,00059",0,0,0,0,0,0,0,0,0,0
Paracoccus sp. MC1862,2760307,S,0,0,0,0,0,0,0,0,0,0,0,0,0,0,265,"0,00049",0,0,0,0,0,0,0,0,0,0
Parvimonas micra,33033,S,0,0,0,0,0,0,0,0,0,0,0,0,0,0,222,"0,00041",0,0,0,0,0,0,0,0,0,0
Mannheimia ovis,2679994,S,0,0,0,0,0,0,0,0,0,0,0,0,0,0,190,"0,00035",4164,"0,05997",0,0,0,0,0,0,0,0
Neisseria dentiae,194197,S,0,0,0,0,0,0,0,0,0,0,0,0,0,0,162,"0,0003",0,0,0,0,0,0,0,0,0,0
Psychrobacter sanguinis,861445,S,0,0,0,0,0,0,0,0,0,0,0,0,0,0,157,"0,00029",0,0,0,0,3391,"0,00128",0,0,0,0
Chryseobacterium gallinarum,1324352,S,0,0,0,0,0,0,0,0,0,0,0,0,0,0,153,"0,00028",0,0,0,0,0,0,0,0,0,0
Pseudomonas atacamensis,2565368,S,0,0,0,0,0,0,0,0,0,0,0,0,0,0,0,0,4014,"0,05781",0,0,0,0,0,0,0,0
Mesomycoplasma conjunctivae,45361,S,0,0,0,0,0,0,0,0,0,0,0,0,0,0,0,0,1256,"0,01809",0,0,0,0,0,0,0,0
Psychrobacter sp. P11F6,1699621,S,0,0,0,0,0,0,0,0,0,0,0,0,0,0,0,0,1131,"0,01629",0,0,1112,"0,00042",0,0,0,0
Corynebacterium urealyticum,43771,S,0,0,0,0,0,0,0,0,0,0,0,0,0,0,0,0,984,"0,01417",0,0,0,0,0,0,170,"0,00042"
Psychrobacter sp. WY6,2708350,S,0,0,0,0,0,0,0,0,0,0,0,0,0,0,0,0,816,"0,01175",0,0,3520,"0,00133",0,0,0,0
Oligella urethralis,90245,S,0,0,0,0,0,0,0,0,0,0,0,0,0,0,0,0,464,"0,00668",0,0,0,0,0,0,756,"0,00187"
Thiopseudomonas alkaliphila,1697053,S,0,0,0,0,0,0,0,0,0,0,0,0,0,0,0,0,280,"0,00403",0,0,0,0,0,0,0,0
Nosocomiicoccus ampullae,489910,S,0,0,0,0,0,0,0,0,0,0,0,0,0,0,0,0,73,"0,00105",0,0,0,0,0,0,0,0
Bacillus licheniformis,1402,S,0,0,0,0,0,0,0,0,0,0,0,0,0,0,0,0,0,0,3375,"0,27936",0,0,0,0,0,0
Bacillus pumilus,1408,S,0,0,0,0,0,0,0,0,0,0,0,0,0,0,0,0,0,0,460,"0,03808",0,0,0,0,0,0
Triticum aestivum,4565,S,0,0,0,0,0,0,0,0,0,0,0,0,0,0,0,0,0,0,63,"0,00521",0,0,0,0,366,"0,00091"
Pseudomonas synxantha,47883,S,0,0,0,0,0,0,0,0,0,0,0,0,0,0,0,0,0,0,0,0,322696,"0,12188",0,0,0,0
Pseudomonas chlororaphis,587753,S,0,0,0,0,0,0,0,0,0,0,0,0,0,0,0,0,0,0,0,0,217688,"0,08222",0,0,0,0
Pseudomonas sp. FDAARGOS_380,2018067,S,0,0,0,0,0,0,0,0,0,0,0,0,0,0,0,0,0,0,0,0,208174,"0,07863",0,0,0,0
Pseudomonas sp. J380,2605424,S,0,0,0,0,0,0,0,0,0,0,0,0,0,0,0,0,0,0,0,0,202446,"0,07647",0,0,0,0
Pseudomonas fragi,296,S,0,0,0,0,0,0,0,0,0,0,0,0,0,0,0,0,0,0,0,0,150103,"0,05669",0,0,0,0
Pseudomonas sp. TMW 2.1634,1886807,S,0,0,0,0,0,0,0,0,0,0,0,0,0,0,0,0,0,0,0,0,146145,"0,0552",0,0,0,0
Pseudomonas lactis,1615674,S,0,0,0,0,0,0,0,0,0,0,0,0,0,0,0,0,0,0,0,0,69570,"0,02628",0,0,0,0
Pseudomonas salmasensis,2745514,S,0,0,0,0,0,0,0,0,0,0,0,0,0,0,0,0,0,0,0,0,54597,"0,02062",0,0,0,0
Pseudomonas sp. WCS374,1495331,S,0,0,0,0,0,0,0,0,0,0,0,0,0,0,0,0,0,0,0,0,47435,"0,01792",0,0,0,0
Pseudomonas putida,303,S,0,0,0,0,0,0,0,0,0,0,0,0,0,0,0,0,0,0,0,0,41590,"0,01571",0,0,0,0
Pseudomonas sp. bs2935,1761895,S,0,0,0,0,0,0,0,0,0,0,0,0,0,0,0,0,0,0,0,0,41218,"0,01557",0,0,0,0
Pseudomonas libanensis,75588,S,0,0,0,0,0,0,0,0,0,0,0,0,0,0,0,0,0,0,0,0,35261,"0,01332",0,0,0,0
Pseudomonas syringae,317,S,0,0,0,0,0,0,0,0,0,0,0,0,0,0,0,0,0,0,0,0,32670,"0,01234",0,0,0,0
Pseudomonas veronii,76761,S,0,0,0,0,0,0,0,0,0,0,0,0,0,0,0,0,0,0,0,0,25282,"0,00955",0,0,0,0
Pseudomonas extremaustralis,359110,S,0,0,0,0,0,0,0,0,0,0,0,0,0,0,0,0,0,0,0,0,24629,"0,0093",0,0,0,0
Pseudomonas brassicacearum,930166,S,0,0,0,0,0,0,0,0,0,0,0,0,0,0,0,0,0,0,0,0,23885,"0,00902",0,0,0,0
Streptococcus oralis,1303,S,0,0,0,0,0,0,0,0,0,0,0,0,0,0,0,0,0,0,0,0,22542,"0,00851",0,0,0,0
Pseudomonas sp. HN8-3,2886361,S,0,0,0,0,0,0,0,0,0,0,0,0,0,0,0,0,0,0,0,0,19729,"0,00745",0,0,0,0
Pseudomonas alcaliphila,101564,S,0,0,0,0,0,0,0,0,0,0,0,0,0,0,0,0,0,0,0,0,19445,"0,00734",0,0,0,0
Pseudomonas sp. CFSAN084952,2664899,S,0,0,0,0,0,0,0,0,0,0,0,0,0,0,0,0,0,0,0,0,18733,"0,00708",0,0,0,0
Chryseobacterium indoltheticum,254,S,0,0,0,0,0,0,0,0,0,0,0,0,0,0,0,0,0,0,0,0,18418,"0,00696",0,0,0,0
Pseudomonas extremorientalis,169669,S,0,0,0,0,0,0,0,0,0,0,0,0,0,0,0,0,0,0,0,0,17116,"0,00646",0,0,0,0
Pseudomonas fluorescens,294,S,0,0,0,0,0,0,0,0,0,0,0,0,0,0,0,0,0,0,0,0,16959,"0,00641",0,0,0,0
Pseudomonas sp. MYb193,1827300,S,0,0,0,0,0,0,0,0,0,0,0,0,0,0,0,0,0,0,0,0,16581,"0,00626",0,0,0,0
Psychrobacter sp. G,571800,S,0,0,0,0,0,0,0,0,0,0,0,0,0,0,0,0,0,0,0,0,12934,"0,00489",0,0,0,0
Stenotrophomonas maltophilia,40324,S,0,0,0,0,0,0,0,0,0,0,0,0,0,0,0,0,0,0,0,0,11252,"0,00425",0,0,0,0
Serratia liquefaciens,614,S,0,0,0,0,0,0,0,0,0,0,0,0,0,0,0,0,0,0,0,0,9999,"0,00378",0,0,0,0
Pseudomonas sp. Y39-6,2749807,S,0,0,0,0,0,0,0,0,0,0,0,0,0,0,0,0,0,0,0,0,9184,"0,00347",0,0,0,0
Pseudomonas azotoformans,47878,S,0,0,0,0,0,0,0,0,0,0,0,0,0,0,0,0,0,0,0,0,8747,"0,0033",0,0,0,0
Psychrobacter sp. AntiMn-1,1720344,S,0,0,0,0,0,0,0,0,0,0,0,0,0,0,0,0,0,0,0,0,8705,"0,00329",0,0,0,0
Stenotrophomonas sp. LM091,1904944,S,0,0,0,0,0,0,0,0,0,0,0,0,0,0,0,0,0,0,0,0,7273,"0,00275",0,0,0,0
Psychrobacter sp. KH172YL61,2517899,S,0,0,0,0,0,0,0,0,0,0,0,0,0,0,0,0,0,0,0,0,6911,"0,00261",0,0,0,0
Serratia proteamaculans,28151,S,0,0,0,0,0,0,0,0,0,0,0,0,0,0,0,0,0,0,0,0,6204,"0,00234",0,0,0,0
Kayvirus JD7,1924729,S,0,0,0,0,0,0,0,0,0,0,0,0,0,0,0,0,0,0,0,0,5686,"0,00215",0,0,0,0
Pseudomonas sp. R76,1573711,S,0,0,0,0,0,0,0,0,0,0,0,0,0,0,0,0,0,0,0,0,4868,"0,00184",0,0,0,0
Psychrobacter sp. P11G5,1699624,S,0,0,0,0,0,0,0,0,0,0,0,0,0,0,0,0,0,0,0,0,4279,"0,00162",0,0,0,0
Pseudomonas sp. CYM-20-01,2870750,S,0,0,0,0,0,0,0,0,0,0,0,0,0,0,0,0,0,0,0,0,4003,"0,00151",0,0,0,0
Psychrobacter sp.,56811,S,0,0,0,0,0,0,0,0,0,0,0,0,0,0,0,0,0,0,0,0,3975,"0,0015",0,0,0,0
Pseudomonas fulva,47880,S,0,0,0,0,0,0,0,0,0,0,0,0,0,0,0,0,0,0,0,0,3969,"0,0015",0,0,0,0
Pseudomonas sp. NIBR-H-19,2901380,S,0,0,0,0,0,0,0,0,0,0,0,0,0,0,0,0,0,0,0,0,3634,"0,00137",0,0,0,0
Pseudomonas sp. UW4,1207075,S,0,0,0,0,0,0,0,0,0,0,0,0,0,0,0,0,0,0,0,0,3533,"0,00133",0,0,0,0
Pseudomonas psychrophila,122355,S,0,0,0,0,0,0,0,0,0,0,0,0,0,0,0,0,0,0,0,0,3343,"0,00126",0,0,0,0
Pseudomonas frederiksbergensis,104087,S,0,0,0,0,0,0,0,0,0,0,0,0,0,0,0,0,0,0,0,0,3276,"0,00124",0,0,0,0
Pseudomonas sp. NIBRBAC000502773,2590776,S,0,0,0,0,0,0,0,0,0,0,0,0,0,0,0,0,0,0,0,0,3186,"0,0012",0,0,0,0
Pseudomonas asplenii,53407,S,0,0,0,0,0,0,0,0,0,0,0,0,0,0,0,0,0,0,0,0,3051,"0,00115",0,0,0,0
Acinetobacter sp. 10FS3-1,2563897,S,0,0,0,0,0,0,0,0,0,0,0,0,0,0,0,0,0,0,0,0,2778,"0,00105",0,0,0,0
Pseudomonas mandelii,75612,S,0,0,0,0,0,0,0,0,0,0,0,0,0,0,0,0,0,0,0,0,2683,"0,00101",0,0,0,0
Agrobacterium tumefaciens,358,S,0,0,0,0,0,0,0,0,0,0,0,0,0,0,0,0,0,0,0,0,2330,"0,00088",0,0,0,0
Parafannyhessea umbonata,604330,S,0,0,0,0,0,0,0,0,0,0,0,0,0,0,0,0,0,0,0,0,2061,"0,00078",0,0,0,0
Streptomyces sp. ICC1,2099583,S,0,0,0,0,0,0,0,0,0,0,0,0,0,0,0,0,0,0,0,0,1954,"0,00074",0,0,0,0
Stenotrophomonas rhizophila,216778,S,0,0,0,0,0,0,0,0,0,0,0,0,0,0,0,0,0,0,0,0,1952,"0,00074",0,0,0,0
Streptococcus gallolyticus,315405,S,0,0,0,0,0,0,0,0,0,0,0,0,0,0,0,0,0,0,0,0,1951,"0,00074",0,0,0,0
Corynebacterium tuberculostearicum,38304,S,0,0,0,0,0,0,0,0,0,0,0,0,0,0,0,0,0,0,0,0,1946,"0,00074",147,"0,00445",175,"0,00043"
Granulicatella adiacens,46124,S,0,0,0,0,0,0,0,0,0,0,0,0,0,0,0,0,0,0,0,0,1943,"0,00073",0,0,0,0
Pseudomonas orientalis,76758,S,0,0,0,0,0,0,0,0,0,0,0,0,0,0,0,0,0,0,0,0,1792,"0,00068",0,0,0,0
Jeotgalibaca dankookensis,708126,S,0,0,0,0,0,0,0,0,0,0,0,0,0,0,0,0,0,0,0,0,1754,"0,00066",0,0,161,"0,0004"
Pseudomonas sp. CBS,2971912,S,0,0,0,0,0,0,0,0,0,0,0,0,0,0,0,0,0,0,0,0,1712,"0,00065",0,0,0,0
Malassezia restricta,76775,S,0,0,0,0,0,0,0,0,0,0,0,0,0,0,0,0,0,0,0,0,1688,"0,00064",74,"0,00224",156,"0,00039"
Brevibacterium sp. CS2,2575923,S,0,0,0,0,0,0,0,0,0,0,0,0,0,0,0,0,0,0,0,0,1649,"0,00062",0,0,222,"0,00055"
Pseudomonas poae,200451,S,0,0,0,0,0,0,0,0,0,0,0,0,0,0,0,0,0,0,0,0,1611,"0,00061",0,0,0,0
Serratia inhibens,2338073,S,0,0,0,0,0,0,0,0,0,0,0,0,0,0,0,0,0,0,0,0,1588,"0,0006",0,0,0,0
Lactococcus raffinolactis,1366,S,0,0,0,0,0,0,0,0,0,0,0,0,0,0,0,0,0,0,0,0,1573,"0,00059",0,0,0,0
Weissella cibaria,137591,S,0,0,0,0,0,0,0,0,0,0,0,0,0,0,0,0,0,0,0,0,1359,"0,00051",0,0,132,"0,00033"
Pseudomonas lundensis,86185,S,0,0,0,0,0,0,0,0,0,0,0,0,0,0,0,0,0,0,0,0,1340,"0,00051",0,0,0,0
Jeotgalibaca ciconiae,2496265,S,0,0,0,0,0,0,0,0,0,0,0,0,0,0,0,0,0,0,0,0,1276,"0,00048",0,0,121,"0,0003"
Pseudomonas umsongensis,198618,S,0,0,0,0,0,0,0,0,0,0,0,0,0,0,0,0,0,0,0,0,1220,"0,00046",0,0,0,0
Acinetobacter baumannii,470,S,0,0,0,0,0,0,0,0,0,0,0,0,0,0,0,0,0,0,0,0,1181,"0,00045",0,0,0,0
Corynebacterium glucuronolyticum,39791,S,0,0,0,0,0,0,0,0,0,0,0,0,0,0,0,0,0,0,0,0,1128,"0,00043",0,0,101,"0,00025"
Pseudomonas silesiensis,1853130,S,0,0,0,0,0,0,0,0,0,0,0,0,0,0,0,0,0,0,0,0,1115,"0,00042",0,0,0,0
Corynebacterium kefirresidentii,1979527,S,0,0,0,0,0,0,0,0,0,0,0,0,0,0,0,0,0,0,0,0,1050,"0,0004",0,0,166,"0,00041"
Corynebacterium striatum,43770,S,0,0,0,0,0,0,0,0,0,0,0,0,0,0,0,0,0,0,0,0,942,"0,00036",0,0,0,0
Oerskovia sp. KBS0722,1179673,S,0,0,0,0,0,0,0,0,0,0,0,0,0,0,0,0,0,0,0,0,928,"0,00035",0,0,0,0
Weissella confusa,1583,S,0,0,0,0,0,0,0,0,0,0,0,0,0,0,0,0,0,0,0,0,862,"0,00033",0,0,0,0
Psychrobacter sp. P2G3,1699622,S,0,0,0,0,0,0,0,0,0,0,0,0,0,0,0,0,0,0,0,0,849,"0,00032",0,0,0,0
Haemophilus parainfluenzae,729,S,0,0,0,0,0,0,0,0,0,0,0,0,0,0,0,0,0,0,0,0,801,"0,0003",0,0,0,0
Streptococcus sp. 1643,2576376,S,0,0,0,0,0,0,0,0,0,0,0,0,0,0,0,0,0,0,0,0,759,"0,00029",0,0,0,0
Psychrobacter sp. KCTC 72983,2733866,S,0,0,0,0,0,0,0,0,0,0,0,0,0,0,0,0,0,0,0,0,756,"0,00029",0,0,0,0
Pseudomonas granadensis,1421430,S,0,0,0,0,0,0,0,0,0,0,0,0,0,0,0,0,0,0,0,0,746,"0,00028",0,0,0,0
Staphylococcus capitis,29388,S,0,0,0,0,0,0,0,0,0,0,0,0,0,0,0,0,0,0,0,0,741,"0,00028",0,0,0,0
Streptococcus salivarius,1304,S,0,0,0,0,0,0,0,0,0,0,0,0,0,0,0,0,0,0,0,0,697,"0,00026",0,0,0,0
Pseudomonas simiae,321846,S,0,0,0,0,0,0,0,0,0,0,0,0,0,0,0,0,0,0,0,0,695,"0,00026",0,0,0,0
Pseudomonas sp. S35,1573719,S,0,0,0,0,0,0,0,0,0,0,0,0,0,0,0,0,0,0,0,0,663,"0,00025",0,0,0,0
Carnobacterium divergens,2748,S,0,0,0,0,0,0,0,0,0,0,0,0,0,0,0,0,0,0,0,0,660,"0,00025",0,0,0,0
Acinetobacter junii,40215,S,0,0,0,0,0,0,0,0,0,0,0,0,0,0,0,0,0,0,0,0,656,"0,00025",0,0,0,0
Pseudomonas sp. LG1E9,2219057,S,0,0,0,0,0,0,0,0,0,0,0,0,0,0,0,0,0,0,0,0,651,"0,00025",0,0,0,0
Stenotrophomonas sp. 364,2691571,S,0,0,0,0,0,0,0,0,0,0,0,0,0,0,0,0,0,0,0,0,631,"0,00024",0,0,0,0
Serratia plymuthica,82996,S,0,0,0,0,0,0,0,0,0,0,0,0,0,0,0,0,0,0,0,0,620,"0,00023",0,0,0,0
Streptococcus ferus,1345,S,0,0,0,0,0,0,0,0,0,0,0,0,0,0,0,0,0,0,0,0,597,"0,00023",0,0,0,0
Macrococcus caseolyticus,69966,S,0,0,0,0,0,0,0,0,0,0,0,0,0,0,0,0,0,0,0,0,591,"0,00022",0,0,0,0
Pseudomonas migulae,78543,S,0,0,0,0,0,0,0,0,0,0,0,0,0,0,0,0,0,0,0,0,566,"0,00021",0,0,0,0
Brevibacterium linens,1703,S,0,0,0,0,0,0,0,0,0,0,0,0,0,0,0,0,0,0,0,0,566,"0,00021",0,0,0,0
Kocuria rhizophila,72000,S,0,0,0,0,0,0,0,0,0,0,0,0,0,0,0,0,0,0,0,0,564,"0,00021",0,0,0,0
Streptococcus parasanguinis,1318,S,0,0,0,0,0,0,0,0,0,0,0,0,0,0,0,0,0,0,0,0,564,"0,00021",0,0,0,0
Hydrogenophilus thermoluteolus,297,S,0,0,0,0,0,0,0,0,0,0,0,0,0,0,0,0,0,0,0,0,555,"0,00021",0,0,0,0
Microbacterium aurum,36805,S,0,0,0,0,0,0,0,0,0,0,0,0,0,0,0,0,0,0,0,0,551,"0,00021",0,0,0,0
Torulaspora delbrueckii,4950,S,0,0,0,0,0,0,0,0,0,0,0,0,0,0,0,0,0,0,0,0,531,"0,0002",0,0,0,0
Streptococcus sp. LPB0220,2610896,S,0,0,0,0,0,0,0,0,0,0,0,0,0,0,0,0,0,0,0,0,528,"0,0002",0,0,0,0
Streptococcus periodonticum,2490633,S,0,0,0,0,0,0,0,0,0,0,0,0,0,0,0,0,0,0,0,0,525,"0,0002",0,0,0,0
Pseudomonas yamanorum,515393,S,0,0,0,0,0,0,0,0,0,0,0,0,0,0,0,0,0,0,0,0,502,"0,00019",0,0,0,0
Stenotrophomonas sp. NA06056,2742129,S,0,0,0,0,0,0,0,0,0,0,0,0,0,0,0,0,0,0,0,0,500,"0,00019",0,0,0,0
Lactococcus lactis,1358,S,0,0,0,0,0,0,0,0,0,0,0,0,0,0,0,0,0,0,0,0,473,"0,00018",0,0,0,0
Carnobacterium sp. CS13,2800128,S,0,0,0,0,0,0,0,0,0,0,0,0,0,0,0,0,0,0,0,0,444,"0,00017",0,0,0,0
Methylobacterium sp. WL1,2603276,S,0,0,0,0,0,0,0,0,0,0,0,0,0,0,0,0,0,0,0,0,433,"0,00016",0,0,357,"0,00088"
Veillonella parvula,29466,S,0,0,0,0,0,0,0,0,0,0,0,0,0,0,0,0,0,0,0,0,425,"0,00016",0,0,0,0
Prevotella melaninogenica,28132,S,0,0,0,0,0,0,0,0,0,0,0,0,0,0,0,0,0,0,0,0,425,"0,00016",0,0,357,"0,00088"
Hordeum vulgare,4513,S,0,0,0,0,0,0,0,0,0,0,0,0,0,0,0,0,0,0,0,0,422,"0,00016",0,0,482,"0,00119"
Kocuria palustris,71999,S,0,0,0,0,0,0,0,0,0,0,0,0,0,0,0,0,0,0,0,0,414,"0,00016",0,0,169,"0,00042"
Pseudomonas rhodesiae,76760,S,0,0,0,0,0,0,0,0,0,0,0,0,0,0,0,0,0,0,0,0,413,"0,00016",0,0,0,0
Comamonas kerstersii,225992,S,0,0,0,0,0,0,0,0,0,0,0,0,0,0,0,0,0,0,0,0,403,"0,00015",0,0,0,0
Aerococcus viridans,1377,S,0,0,0,0,0,0,0,0,0,0,0,0,0,0,0,0,0,0,0,0,403,"0,00015",0,0,1000,"0,00247"
Xanthomonas campestris,339,S,0,0,0,0,0,0,0,0,0,0,0,0,0,0,0,0,0,0,0,0,401,"0,00015",0,0,0,0
Leuconostoc citreum,33964,S,0,0,0,0,0,0,0,0,0,0,0,0,0,0,0,0,0,0,0,0,379,"0,00014",0,0,0,0
Anaerococcus prevotii,33034,S,0,0,0,0,0,0,0,0,0,0,0,0,0,0,0,0,0,0,0,0,379,"0,00014",0,0,0,0
Methylorubrum populi,223967,S,0,0,0,0,0,0,0,0,0,0,0,0,0,0,0,0,0,0,0,0,363,"0,00014",0,0,0,0
Chryseobacterium balustinum,246,S,0,0,0,0,0,0,0,0,0,0,0,0,0,0,0,0,0,0,0,0,357,"0,00013",0,0,0,0
Helianthus annuus,4232,S,0,0,0,0,0,0,0,0,0,0,0,0,0,0,0,0,0,0,0,0,356,"0,00013",0,0,1242,"0,00307"
Ralstonia insidiosa,190721,S,0,0,0,0,0,0,0,0,0,0,0,0,0,0,0,0,0,0,0,0,354,"0,00013",0,0,0,0
Pantoea agglomerans,549,S,0,0,0,0,0,0,0,0,0,0,0,0,0,0,0,0,0,0,0,0,342,"0,00013",0,0,1211,"0,003"
Veillonella nakazawae,2682456,S,0,0,0,0,0,0,0,0,0,0,0,0,0,0,0,0,0,0,0,0,339,"0,00013",0,0,0,0
Clavibacter michiganensis,28447,S,0,0,0,0,0,0,0,0,0,0,0,0,0,0,0,0,0,0,0,0,337,"0,00013",0,0,495,"0,00122"
Streptococcus mitis,28037,S,0,0,0,0,0,0,0,0,0,0,0,0,0,0,0,0,0,0,0,0,331,"0,00013",0,0,0,0
Bifidobacterium pullorum,78448,S,0,0,0,0,0,0,0,0,0,0,0,0,0,0,0,0,0,0,0,0,319,"0,00012",0,0,0,0
Psychrobacter arcticus,334543,S,0,0,0,0,0,0,0,0,0,0,0,0,0,0,0,0,0,0,0,0,306,"0,00012",0,0,0,0
Brachybacterium faecium,43669,S,0,0,0,0,0,0,0,0,0,0,0,0,0,0,0,0,0,0,0,0,304,"0,00011",0,0,1124,"0,00278"
Rothia dentocariosa,2047,S,0,0,0,0,0,0,0,0,0,0,0,0,0,0,0,0,0,0,0,0,298,"0,00011",0,0,0,0
Psychrobacter sp. DAB_AL43B,1028416,S,0,0,0,0,0,0,0,0,0,0,0,0,0,0,0,0,0,0,0,0,290,"0,00011",0,0,0,0
Psychrobacter sp. YP14,2203895,S,0,0,0,0,0,0,0,0,0,0,0,0,0,0,0,0,0,0,0,0,288,"0,00011",0,0,0,0
Lelliottia amnigena,61646,S,0,0,0,0,0,0,0,0,0,0,0,0,0,0,0,0,0,0,0,0,273,"0,0001",0,0,0,0
Staphylococcus saprophyticus,29385,S,0,0,0,0,0,0,0,0,0,0,0,0,0,0,0,0,0,0,0,0,268,"0,0001",0,0,950,"0,00235"
Staphylococcus hominis,1290,S,0,0,0,0,0,0,0,0,0,0,0,0,0,0,0,0,0,0,0,0,263,"0,0001",0,0,697,"0,00172"
Corynebacterium sanguinis,2594913,S,0,0,0,0,0,0,0,0,0,0,0,0,0,0,0,0,0,0,0,0,262,"0,0001",0,0,290,"0,00072"
Intestinibaculum porci,2487118,S,0,0,0,0,0,0,0,0,0,0,0,0,0,0,0,0,0,0,0,0,258,"0,0001",0,0,0,0
Shewanella algae,38313,S,0,0,0,0,0,0,0,0,0,0,0,0,0,0,0,0,0,0,0,0,256,"0,0001",0,0,0,0
Veillonella atypica,39777,S,0,0,0,0,0,0,0,0,0,0,0,0,0,0,0,0,0,0,0,0,253,"0,0001",0,0,0,0
Rothia amarae,169480,S,0,0,0,0,0,0,0,0,0,0,0,0,0,0,0,0,0,0,0,0,252,"0,0001",0,0,0,0
Lachnospira eligens,39485,S,0,0,0,0,0,0,0,0,0,0,0,0,0,0,0,0,0,0,0,0,251,"0,00009",0,0,0,0
Psychrobacter sp. PraFG1,2565531,S,0,0,0,0,0,0,0,0,0,0,0,0,0,0,0,0,0,0,0,0,241,"0,00009",0,0,0,0
Corynebacterium variabile,1727,S,0,0,0,0,0,0,0,0,0,0,0,0,0,0,0,0,0,0,0,0,237,"0,00009",0,0,378,"0,00094"
Weissella paramesenteroides,1249,S,0,0,0,0,0,0,0,0,0,0,0,0,0,0,0,0,0,0,0,0,231,"0,00009",0,0,0,0
Actinobacillus pleuropneumoniae,715,S,0,0,0,0,0,0,0,0,0,0,0,0,0,0,0,0,0,0,0,0,230,"0,00009",0,0,0,0
Actinomyces oris,544580,S,0,0,0,0,0,0,0,0,0,0,0,0,0,0,0,0,0,0,0,0,229,"0,00009",0,0,0,0
Streptococcus ratti,1341,S,0,0,0,0,0,0,0,0,0,0,0,0,0,0,0,0,0,0,0,0,227,"0,00009",0,0,0,0
Psychrobacter urativorans,45610,S,0,0,0,0,0,0,0,0,0,0,0,0,0,0,0,0,0,0,0,0,223,"0,00008",0,0,0,0
Pseudomonas prosekii,1148509,S,0,0,0,0,0,0,0,0,0,0,0,0,0,0,0,0,0,0,0,0,218,"0,00008",0,0,0,0
Carnobacterium sp. 17-4,208596,S,0,0,0,0,0,0,0,0,0,0,0,0,0,0,0,0,0,0,0,0,216,"0,00008",0,0,0,0
Streptococcus pneumoniae,1313,S,0,0,0,0,0,0,0,0,0,0,0,0,0,0,0,0,0,0,0,0,215,"0,00008",0,0,0,0
Leuconostoc mesenteroides,1245,S,0,0,0,0,0,0,0,0,0,0,0,0,0,0,0,0,0,0,0,0,200,"0,00008",0,0,0,0
Kytococcus sedentarius,1276,S,0,0,0,0,0,0,0,0,0,0,0,0,0,0,0,0,0,0,0,0,198,"0,00007",0,0,0,0
Peptoniphilus harei,54005,S,0,0,0,0,0,0,0,0,0,0,0,0,0,0,0,0,0,0,0,0,197,"0,00007",0,0,0,0
Pseudomonas asgharzadehiana,2842349,S,0,0,0,0,0,0,0,0,0,0,0,0,0,0,0,0,0,0,0,0,187,"0,00007",0,0,0,0
Carnobacterium sp. CP1,1564681,S,0,0,0,0,0,0,0,0,0,0,0,0,0,0,0,0,0,0,0,0,186,"0,00007",0,0,0,0
Mycolicibacterium neoaurum,1795,S,0,0,0,0,0,0,0,0,0,0,0,0,0,0,0,0,0,0,0,0,179,"0,00007",0,0,0,0
Brevibacterium casei,33889,S,0,0,0,0,0,0,0,0,0,0,0,0,0,0,0,0,0,0,0,0,178,"0,00007",0,0,0,0
Oligella ureolytica,90244,S,0,0,0,0,0,0,0,0,0,0,0,0,0,0,0,0,0,0,0,0,169,"0,00006",0,0,10519,"0,02603"
Corynebacterium callunae,1721,S,0,0,0,0,0,0,0,0,0,0,0,0,0,0,0,0,0,0,0,0,169,"0,00006",0,0,0,0
Ligilactobacillus salivarius,1624,S,0,0,0,0,0,0,0,0,0,0,0,0,0,0,0,0,0,0,0,0,168,"0,00006",0,0,0,0
Clostridium sp. SY8519,1042156,S,0,0,0,0,0,0,0,0,0,0,0,0,0,0,0,0,0,0,0,0,167,"0,00006",0,0,0,0
Ewingella americana,41202,S,0,0,0,0,0,0,0,0,0,0,0,0,0,0,0,0,0,0,0,0,157,"0,00006",0,0,0,0
Streptococcus oriscaviae,2781599,S,0,0,0,0,0,0,0,0,0,0,0,0,0,0,0,0,0,0,0,0,157,"0,00006",0,0,0,0
Trifolium pratense,57577,S,0,0,0,0,0,0,0,0,0,0,0,0,0,0,0,0,0,0,0,0,155,"0,00006",0,0,656,"0,00162"
Zea mays,4577,S,0,0,0,0,0,0,0,0,0,0,0,0,0,0,0,0,0,0,0,0,152,"0,00006",0,0,100,"0,00025"
Actinomyces sp. Chiba101,1851395,S,0,0,0,0,0,0,0,0,0,0,0,0,0,0,0,0,0,0,0,0,146,"0,00006",0,0,0,0
Corynebacterium ammoniagenes,1697,S,0,0,0,0,0,0,0,0,0,0,0,0,0,0,0,0,0,0,0,0,145,"0,00005",0,0,78,"0,00019"
Bifidobacterium thermophilum,33905,S,0,0,0,0,0,0,0,0,0,0,0,0,0,0,0,0,0,0,0,0,145,"0,00005",0,0,0,0
Serratia quinivorans,137545,S,0,0,0,0,0,0,0,0,0,0,0,0,0,0,0,0,0,0,0,0,143,"0,00005",0,0,0,0
Bifidobacterium pseudolongum,1694,S,0,0,0,0,0,0,0,0,0,0,0,0,0,0,0,0,0,0,0,0,142,"0,00005",0,0,777,"0,00192"
Brevibacterium pigmentatum,1496080,S,0,0,0,0,0,0,0,0,0,0,0,0,0,0,0,0,0,0,0,0,135,"0,00005",0,0,293,"0,00073"
Janibacter indicus,857417,S,0,0,0,0,0,0,0,0,0,0,0,0,0,0,0,0,0,0,0,0,132,"0,00005",0,0,0,0
Stenotrophomonas sp. 169,2770322,S,0,0,0,0,0,0,0,0,0,0,0,0,0,0,0,0,0,0,0,0,126,"0,00005",0,0,574,"0,00142"
Limosilactobacillus reuteri,1598,S,0,0,0,0,0,0,0,0,0,0,0,0,0,0,0,0,0,0,0,0,118,"0,00004",0,0,0,0
Staphylococcus haemolyticus,1283,S,0,0,0,0,0,0,0,0,0,0,0,0,0,0,0,0,0,0,0,0,114,"0,00004",0,0,104,"0,00026"
Sutterella wadsworthensis,40545,S,0,0,0,0,0,0,0,0,0,0,0,0,0,0,0,0,0,0,0,0,113,"0,00004",0,0,0,0
Corynebacterium singulare,161899,S,0,0,0,0,0,0,0,0,0,0,0,0,0,0,0,0,0,0,0,0,110,"0,00004",0,0,0,0
Prevotella jejuni,1177574,S,0,0,0,0,0,0,0,0,0,0,0,0,0,0,0,0,0,0,0,0,110,"0,00004",0,0,0,0
Corynebacterium flavescens,28028,S,0,0,0,0,0,0,0,0,0,0,0,0,0,0,0,0,0,0,0,0,109,"0,00004",0,0,0,0
Enterococcus cecorum,44008,S,0,0,0,0,0,0,0,0,0,0,0,0,0,0,0,0,0,0,0,0,109,"0,00004",0,0,0,0
Schaalia odontolytica,1660,S,0,0,0,0,0,0,0,0,0,0,0,0,0,0,0,0,0,0,0,0,108,"0,00004",0,0,0,0
Ligilactobacillus ruminis,1623,S,0,0,0,0,0,0,0,0,0,0,0,0,0,0,0,0,0,0,0,0,108,"0,00004",0,0,0,0
Deinococcus wulumuqiensis,980427,S,0,0,0,0,0,0,0,0,0,0,0,0,0,0,0,0,0,0,0,0,108,"0,00004",0,0,0,0
Solanum stenotomum,172797,S,0,0,0,0,0,0,0,0,0,0,0,0,0,0,0,0,0,0,0,0,108,"0,00004",0,0,96,"0,00024"
Chryseobacterium sp. SNU WT5,2594269,S,0,0,0,0,0,0,0,0,0,0,0,0,0,0,0,0,0,0,0,0,107,"0,00004",0,0,0,0
Capsicum annuum,4072,S,0,0,0,0,0,0,0,0,0,0,0,0,0,0,0,0,0,0,0,0,104,"0,00004",0,0,0,0
Rhodococcus sp. PBTS 1,1653478,S,0,0,0,0,0,0,0,0,0,0,0,0,0,0,0,0,0,0,0,0,103,"0,00004",0,0,0,0
Streptococcus thermophilus,1308,S,0,0,0,0,0,0,0,0,0,0,0,0,0,0,0,0,0,0,0,0,102,"0,00004",0,0,0,0
Mycobacterium holsaticum,152142,S,0,0,0,0,0,0,0,0,0,0,0,0,0,0,0,0,0,0,0,0,98,"0,00004",0,0,0,0
Streptococcus sanguinis,1305,S,0,0,0,0,0,0,0,0,0,0,0,0,0,0,0,0,0,0,0,0,98,"0,00004",0,0,0,0
Kaistella carnis,1241979,S,0,0,0,0,0,0,0,0,0,0,0,0,0,0,0,0,0,0,0,0,97,"0,00004",0,0,0,0
Dermabacter vaginalis,1630135,S,0,0,0,0,0,0,0,0,0,0,0,0,0,0,0,0,0,0,0,0,93,"0,00004",0,0,0,0
Cutibacterium modestum,2559073,S,0,0,0,0,0,0,0,0,0,0,0,0,0,0,0,0,0,0,0,0,92,"0,00003",0,0,0,0
Enterococcus durans,53345,S,0,0,0,0,0,0,0,0,0,0,0,0,0,0,0,0,0,0,0,0,86,"0,00003",0,0,0,0
Psychrobacter arenosus,256326,S,0,0,0,0,0,0,0,0,0,0,0,0,0,0,0,0,0,0,0,0,84,"0,00003",0,0,0,0
Enterococcus mundtii,53346,S,0,0,0,0,0,0,0,0,0,0,0,0,0,0,0,0,0,0,0,0,84,"0,00003",0,0,0,0
Corynebacterium aurimucosum,169292,S,0,0,0,0,0,0,0,0,0,0,0,0,0,0,0,0,0,0,0,0,83,"0,00003",0,0,0,0
Corynebacterium freneyi,134034,S,0,0,0,0,0,0,0,0,0,0,0,0,0,0,0,0,0,0,0,0,81,"0,00003",0,0,1214,"0,003"
Lactobacillus crispatus,47770,S,0,0,0,0,0,0,0,0,0,0,0,0,0,0,0,0,0,0,0,0,76,"0,00003",0,0,0,0
Brevilactibacter sp. MC1595,2819349,S,0,0,0,0,0,0,0,0,0,0,0,0,0,0,0,0,0,0,0,0,75,"0,00003",0,0,0,0
Sodaliphilus pleomorphus,2606626,S,0,0,0,0,0,0,0,0,0,0,0,0,0,0,0,0,0,0,0,0,73,"0,00003",0,0,0,0
Campylobacter concisus,199,S,0,0,0,0,0,0,0,0,0,0,0,0,0,0,0,0,0,0,0,0,72,"0,00003",0,0,0,0
Prevotella copri,165179,S,0,0,0,0,0,0,0,0,0,0,0,0,0,0,0,0,0,0,0,0,66,"0,00002",0,0,0,0
Cucumis sativus,3659,S,0,0,0,0,0,0,0,0,0,0,0,0,0,0,0,0,0,0,0,0,66,"0,00002",0,0,0,0
Rheinheimera mangrovi,2498451,S,0,0,0,0,0,0,0,0,0,0,0,0,0,0,0,0,0,0,0,0,65,"0,00002",0,0,0,0
Rothia mucilaginosa,43675,S,0,0,0,0,0,0,0,0,0,0,0,0,0,0,0,0,0,0,0,0,63,"0,00002",0,0,0,0
Erysipelothrix inopinata,225084,S,0,0,0,0,0,0,0,0,0,0,0,0,0,0,0,0,0,0,0,0,61,"0,00002",0,0,0,0
Orf virus,10258,S,0,0,0,0,0,0,0,0,0,0,0,0,0,0,0,0,0,0,0,0,0,0,1668,"0,05052",0,0
Sorangium cellulosum,56,S,0,0,0,0,0,0,0,0,0,0,0,0,0,0,0,0,0,0,0,0,0,0,67,"0,00203",0,0
Corynebacterium yudongzhengii,2080740,S,0,0,0,0,0,0,0,0,0,0,0,0,0,0,0,0,0,0,0,0,0,0,0,0,23556,"0,05829"
Flaviflexus ciconiae,2496867,S,0,0,0,0,0,0,0,0,0,0,0,0,0,0,0,0,0,0,0,0,0,0,0,0,12103,"0,02995"
Staphylococcus arlettae,29378,S,0,0,0,0,0,0,0,0,0,0,0,0,0,0,0,0,0,0,0,0,0,0,0,0,5979,"0,0148"
Corynebacterium humireducens,1223514,S,0,0,0,0,0,0,0,0,0,0,0,0,0,0,0,0,0,0,0,0,0,0,0,0,5784,"0,01431"
Corynebacterium sp. L2-79-05,373068,S,0,0,0,0,0,0,0,0,0,0,0,0,0,0,0,0,0,0,0,0,0,0,0,0,2224,"0,0055"
Staphylococcus gallinarum,1293,S,0,0,0,0,0,0,0,0,0,0,0,0,0,0,0,0,0,0,0,0,0,0,0,0,1916,"0,00474"
Denitrobacterium detoxificans,79604,S,0,0,0,0,0,0,0,0,0,0,0,0,0,0,0,0,0,0,0,0,0,0,0,0,970,"0,0024"
Luteimonas sp. JM171,1896164,S,0,0,0,0,0,0,0,0,0,0,0,0,0,0,0,0,0,0,0,0,0,0,0,0,893,"0,00221"
Paracoccus pantotrophus,82367,S,0,0,0,0,0,0,0,0,0,0,0,0,0,0,0,0,0,0,0,0,0,0,0,0,849,"0,0021"
Methanobrevibacter millerae,230361,S,0,0,0,0,0,0,0,0,0,0,0,0,0,0,0,0,0,0,0,0,0,0,0,0,718,"0,00178"
Staphylococcus cohnii,29382,S,0,0,0,0,0,0,0,0,0,0,0,0,0,0,0,0,0,0,0,0,0,0,0,0,619,"0,00153"
Aliarcobacter skirrowii,28200,S,0,0,0,0,0,0,0,0,0,0,0,0,0,0,0,0,0,0,0,0,0,0,0,0,605,"0,0015"
Acinetobacter towneri,202956,S,0,0,0,0,0,0,0,0,0,0,0,0,0,0,0,0,0,0,0,0,0,0,0,0,562,"0,00139"
Glutamicibacter mishrai,1775880,S,0,0,0,0,0,0,0,0,0,0,0,0,0,0,0,0,0,0,0,0,0,0,0,0,546,"0,00135"
Lactobacillus delbrueckii,1584,S,0,0,0,0,0,0,0,0,0,0,0,0,0,0,0,0,0,0,0,0,0,0,0,0,492,"0,00122"
Enterococcus hirae,1354,S,0,0,0,0,0,0,0,0,0,0,0,0,0,0,0,0,0,0,0,0,0,0,0,0,487,"0,00121"
Jeotgalibaca sp. PTS2502,1903686,S,0,0,0,0,0,0,0,0,0,0,0,0,0,0,0,0,0,0,0,0,0,0,0,0,447,"0,00111"
Jonesia denitrificans,43674,S,0,0,0,0,0,0,0,0,0,0,0,0,0,0,0,0,0,0,0,0,0,0,0,0,421,"0,00104"
Butyrivibrio fibrisolvens,831,S,0,0,0,0,0,0,0,0,0,0,0,0,0,0,0,0,0,0,0,0,0,0,0,0,397,"0,00098"
Petrimonas mucosa,1642646,S,0,0,0,0,0,0,0,0,0,0,0,0,0,0,0,0,0,0,0,0,0,0,0,0,395,"0,00098"
Tessaracoccus flavus,1610493,S,0,0,0,0,0,0,0,0,0,0,0,0,0,0,0,0,0,0,0,0,0,0,0,0,376,"0,00093"
Sphingomonas sp. PAMC26645,2565555,S,0,0,0,0,0,0,0,0,0,0,0,0,0,0,0,0,0,0,0,0,0,0,0,0,336,"0,00083"
Sphingomonas aerolata,185951,S,0,0,0,0,0,0,0,0,0,0,0,0,0,0,0,0,0,0,0,0,0,0,0,0,314,"0,00078"
Streptococcus equinus,1335,S,0,0,0,0,0,0,0,0,0,0,0,0,0,0,0,0,0,0,0,0,0,0,0,0,287,"0,00071"
Curtobacterium flaccumfaciens,2035,S,0,0,0,0,0,0,0,0,0,0,0,0,0,0,0,0,0,0,0,0,0,0,0,0,260,"0,00064"
Acinetobacter portensis,1839785,S,0,0,0,0,0,0,0,0,0,0,0,0,0,0,0,0,0,0,0,0,0,0,0,0,256,"0,00063"
Corynebacterium crudilactis,1652495,S,0,0,0,0,0,0,0,0,0,0,0,0,0,0,0,0,0,0,0,0,0,0,0,0,228,"0,00056"
Amphibacillus xylanus,1449,S,0,0,0,0,0,0,0,0,0,0,0,0,0,0,0,0,0,0,0,0,0,0,0,0,198,"0,00049"
Weissella jogaejeotgali,1631871,S,0,0,0,0,0,0,0,0,0,0,0,0,0,0,0,0,0,0,0,0,0,0,0,0,191,"0,00047"
Tetragenococcus halophilus,51669,S,0,0,0,0,0,0,0,0,0,0,0,0,0,0,0,0,0,0,0,0,0,0,0,0,183,"0,00045"
Vibrio cincinnatiensis,675,S,0,0,0,0,0,0,0,0,0,0,0,0,0,0,0,0,0,0,0,0,0,0,0,0,172,"0,00043"
Erysipelatoclostridium ramosum,1547,S,0,0,0,0,0,0,0,0,0,0,0,0,0,0,0,0,0,0,0,0,0,0,0,0,161,"0,0004"
Salvia splendens,180675,S,0,0,0,0,0,0,0,0,0,0,0,0,0,0,0,0,0,0,0,0,0,0,0,0,154,"0,00038"
Flaviflexus equikiangi,2758573,S,0,0,0,0,0,0,0,0,0,0,0,0,0,0,0,0,0,0,0,0,0,0,0,0,146,"0,00036"
Clostridium perfringens,1502,S,0,0,0,0,0,0,0,0,0,0,0,0,0,0,0,0,0,0,0,0,0,0,0,0,145,"0,00036"
Corynebacterium urogenitale,2487892,S,0,0,0,0,0,0,0,0,0,0,0,0,0,0,0,0,0,0,0,0,0,0,0,0,136,"0,00034"
Populus trichocarpa,3694,S,0,0,0,0,0,0,0,0,0,0,0,0,0,0,0,0,0,0,0,0,0,0,0,0,130,"0,00032"
Methanosphaera sp. BMS,1789762,S,0,0,0,0,0,0,0,0,0,0,0,0,0,0,0,0,0,0,0,0,0,0,0,0,125,"0,00031"
Buchnera aphidicola,9,S,0,0,0,0,0,0,0,0,0,0,0,0,0,0,0,0,0,0,0,0,0,0,0,0,109,"0,00027"
Proteiniphilum sp. JNU-WLY501,2829812,S,0,0,0,0,0,0,0,0,0,0,0,0,0,0,0,0,0,0,0,0,0,0,0,0,107,"0,00026"
Corynebacterium comes,2675218,S,0,0,0,0,0,0,0,0,0,0,0,0,0,0,0,0,0,0,0,0,0,0,0,0,93,"0,00023"
Slackia heliotrinireducens,84110,S,0,0,0,0,0,0,0,0,0,0,0,0,0,0,0,0,0,0,0,0,0,0,0,0,85,"0,00021"
Salicibibacter halophilus,2502791,S,0,0,0,0,0,0,0,0,0,0,0,0,0,0,0,0,0,0,0,0,0,0,0,0,81,"0,0002"
Triticum dicoccoides,85692,S,0,0,0,0,0,0,0,0,0,0,0,0,0,0,0,0,0,0,0,0,0,0,0,0,78,"0,00019"
Salinicoccus halodurans,407035,S,0,0,0,0,0,0,0,0,0,0,0,0,0,0,0,0,0,0,0,0,0,0,0,0,70,"0,00017"
Zymoseptoria tritici,1047171,S,0,0,0,0,0,0,0,0,0,0,0,0,0,0,0,0,0,0,0,0,0,0,0,0,68,"0,00017"